ok	2013/09/0287-Esterbrook-LJ2556alt.jpg	29319	https://web.archive.org/web/2024id_/https://thepenmarket.com/vintage-pens-blog/wp-content/uploads/2013/09/0287-Esterbrook-LJ2556alt.jpg
ok	2013/09/0287-Esterbrook-LJ2556alt-300x143.jpg	7873	https://web.archive.org/web/2024id_/https://thepenmarket.com/vintage-pens-blog/wp-content/uploads/2013/09/0287-Esterbrook-LJ2556alt-300x143.jpg
miss	2013/09/Sheaffer-ad.jpg	0	
miss	2013/09/Sheaffer-ad-199x300.jpg	0	
miss	2013/09/Soaking-Penalt.jpg	0	
miss	2013/09/Soaking-Penalt-199x300.jpg	0	
miss	2013/10/0131-Duofold.alt_.jpg	0	
miss	2013/10/0131-Duofold.alt_-300x141.jpg	0	
miss	2013/10/Eisenhower-Parker-51.jpg	0	
miss	2013/10/Eisenhower-Parker-51-300x200.jpg	0	
miss	2013/10/French-Parker-Duofold.jpg	0	
miss	2013/10/French-Parker-Duofold-300x117.jpg	0	
miss	2013/10/Haunted-House.jpg	0	
miss	2013/10/Parker-61-Sandburg.jpg	0	
miss	2013/10/Parker-61-Sandburg-239x300.jpg	0	
miss	2013/10/Pen-Cap-Cleaning.jpg	0	
miss	2013/10/Pen-Cap-Cleaning-199x300.jpg	0	
miss	2013/10/Snorkel-Battle-Royale.jpg	0	
miss	2013/10/Waterman-Pen-Ad-Identification-e1381985757546.jpg	0	
miss	2013/10/ikespen.jpg	0	
miss	2013/11/0100-Conklin-Goldalt.jpg	0	
miss	2013/11/0100-Conklin-Goldalt-300x199.jpg	0	
miss	2013/11/0425-Esterbrook-LJ-1551.jpg	0	
miss	2013/11/0425-Esterbrook-LJ-1551-300x147.jpg	0	
miss	2013/11/0440-Sheaffer-Imperial-Lifetime.jpg	0	
miss	2013/11/0440-Sheaffer-Imperial-Lifetime-300x150.jpg	0	
miss	2013/11/0493-Parker-Duofold.jpg	0	
miss	2013/11/0493-Parker-Duofold-300x148.jpg	0	
miss	2013/11/0494-Parker-17.jpg	0	
ok	2013/11/0494-Parker-17-300x145.jpg	7750	https://web.archive.org/web/2021id_/https://thepenmarket.com/vintage-pens-blog/wp-content/uploads/2013/11/0494-Parker-17-300x145.jpg
miss	2013/11/0530-Hutcheon-Fountain-Pen.jpg	0	
miss	2013/11/0530-Hutcheon-Fountain-Pen-300x145.jpg	0	
miss	2013/11/Custom-J-Spring.jpg	0	
miss	2013/11/Custom-J-Spring-300x199.jpg	0	
miss	2013/11/Ink.jpg	0	
miss	2013/11/Ink-300x220.jpg	0	
miss	2013/11/Kennedy-and-Johnson-pens.jpg	0	
miss	2013/11/Kennedy-and-Johnson-pens-213x300.jpg	0	
miss	2013/11/Lady-Duofold-Ad-Web.jpg	0	
miss	2013/11/Lady-Duofold-Ad-Web-214x300.jpg	0	
miss	2013/11/Mark-Twain.jpg	0	
miss	2013/11/Mark-Twain-208x300.jpg	0	
miss	2013/11/Soaking-Pen.jpg	0	
miss	2013/11/Soaking-Pen-199x300.jpg	0	
miss	2013/11/insert-J-Spring.jpg	0	
miss	2013/11/insert-J-Spring-300x57.jpg	0	
miss	2013/12/Life-Of-Pi-part-II.jpg	0	
miss	2013/12/Life-Of-Pi-part-II-821x1024.jpg	0	
miss	2013/12/Santa-and-Parker.jpg	0	
miss	2013/12/Santa-and-Parker-226x300.jpg	0	
miss	2013/12/Santa-and-Waterman.jpg	0	
miss	2013/12/Santa-and-Waterman-300x238.jpg	0	
miss	2013/12/bonnienclydewgun.jpg	0	
miss	2013/12/bonnienclydewgun-220x300.jpg	0	
miss	2013/12/lifeofpi.jpg	0	
miss	2013/12/lifeofpi-300x300.jpg	0	
miss	2014/01/0604-Wearever-Deluxe.jpg	0	
miss	2014/01/0604-Wearever-Deluxe-300x146.jpg	0	
ok	2014/01/0639-Parkerette.jpg	33165	https://web.archive.org/web/2015id_/https://thepenmarket.com/vintage-pens-blog/wp-content/uploads/2014/01/0639-Parkerette.jpg
ok	2014/01/0639-Parkerette-300x138.jpg	9468	https://web.archive.org/web/2021id_/https://thepenmarket.com/vintage-pens-blog/wp-content/uploads/2014/01/0639-Parkerette-300x138.jpg
miss	2014/01/DoricCatalog.jpg	0	
miss	2014/01/DoricCatalog-300x234.jpg	0	
miss	2014/01/Eversharp-Doric-Ad.jpg	0	
miss	2014/01/Eversharp-Doric-Ad-207x300.jpg	0	
miss	2014/01/Space-Pen.jpg	0	
miss	2014/01/Space-Pen-300x199.jpg	0	
miss	2014/02/0583-Mabie-Todd-Eternal.jpg	0	
miss	2014/02/0583-Mabie-Todd-Eternal-300x137.jpg	0	
miss	2014/02/0645-Sheaffer-Jr.-Roseglow.jpg	0	
miss	2014/02/0645-Sheaffer-Jr.-Roseglow-300x155.jpg	0	
miss	2014/02/Fencer-with-Heart.jpg	0	
miss	2014/02/Fencer-with-Heart-223x300.jpg	0	
miss	2014/02/Sheaffer-Girl.jpg	0	
miss	2014/02/Sheaffer-Girl-290x300.jpg	0	
miss	2014/02/Valentine-Nib.jpg	0	
ok	2014/02/Valentine-Nib-200x300.jpg	8717	https://web.archive.org/web/2017id_/https://thepenmarket.com/vintage-pens-blog/wp-content/uploads/2014/02/Valentine-Nib-200x300.jpg
ok	2014/03/Esterbrook-Nibs.jpg	62095	https://web.archive.org/web/2021id_/https://thepenmarket.com/vintage-pens-blog/wp-content/uploads/2014/03/Esterbrook-Nibs.jpg
miss	2014/03/Esterbrook-Nibs-300x163.jpg	0	
miss	2014/04/Atlanta-Swag.jpg	0	
miss	2014/04/Atlanta-Swag-300x199.jpg	0	
miss	2014/05/Sanford-Ink-Display.jpg	0	
miss	2014/05/Sanford-Ink-Display-199x300.jpg	0	
miss	2014/05/Sanford-Sharpie.jpg	0	
miss	2014/05/Sanford-Sharpie-300x73.jpg	0	
miss	2014/07/001.jpg	0	
miss	2014/07/001-1024x680.jpg	0	
miss	2014/07/Fix-Scratchy-Nibs.jpg	0	
miss	2014/07/Fix-Scratchy-Nibs-199x300.jpg	0	
miss	2014/07/Happy-4th.jpg	0	
miss	2014/07/Happy-4th-945x1024.jpg	0	
miss	2014/07/Harvsjspring.jpg	0	
miss	2014/07/Harvsjspring-300x205.jpg	0	
miss	2014/07/IB0029.jpg	0	
miss	2014/07/IB0029-300x209.jpg	0	
miss	2014/07/Nan-Sampson-Author-Photo.jpg	0	
miss	2014/07/Underwood-Typewriter.jpg	0	
miss	2014/07/Underwood-Typewriter-295x300.jpg	0	
miss	2014/08/Black-Pen-Society.jpg	0	
miss	2014/08/Black-Pen-Society-300x206.jpg	0	
miss	2014/08/Parker-Over-There.jpg	0	
miss	2014/08/Parker-Over-There-300x294.jpg	0	
miss	2014/08/Parker-WWI.jpg	0	
miss	2014/08/Parker-WWI-284x300.jpg	0	
miss	2014/09/Handwriting.jpg	0	
miss	2014/09/L15S-Lamy-Calligraphy-Nibs.jpg	0	
ok	2014/09/L15S-Lamy-Calligraphy-Nibs-300x199.jpg	11428	https://web.archive.org/web/2023id_/https://thepenmarket.com/vintage-pens-blog/wp-content/uploads/2014/09/L15S-Lamy-Calligraphy-Nibs-300x199.jpg
ok	2014/09/Yard-O-Led-Ink-Sample.jpg	162619	https://web.archive.org/web/2023id_/https://thepenmarket.com/vintage-pens-blog/wp-content/uploads/2014/09/Yard-O-Led-Ink-Sample.jpg
miss	2014/09/Yard-O-Led-Ink-Sample-300x276.jpg	0	
miss	2014/11/Yard-O-Led-Astoria-Nib-M.jpg	0	
miss	2014/11/Yard-O-Led-Astoria-Nib-M-300x199.jpg	0	
miss	2014/12/Celts-v.-Romans.jpg	0	
miss	2014/12/Celts-v.-Romans-300x213.jpg	0	
miss	2014/12/Parker-Ad-1900.jpg	0	
miss	2014/12/Parker-Ad-1900-224x300.jpg	0	
miss	2014/12/Spanish-Succession-Blenheim.jpg	0	
miss	2014/12/Spanish-Succession-Blenheim-300x225.jpg	0	
miss	2014/12/War-of-1812.jpg	0	
miss	2014/12/War-of-1812-168x300.jpg	0	
miss	2015/02/Hong-Kong-Dawn-1-alt.jpg	0	
miss	2015/02/Hong-Kong-Dawn-1-alt-300x203.jpg	0	
miss	2015/02/Hong-Kong-Island-from-Ferry-alt.jpg	0	
miss	2015/02/Hong-Kong-Island-from-Ferry-alt-300x199.jpg	0	
miss	2015/02/Star-Ferry-alt.jpg	0	
miss	2015/02/Star-Ferry-alt-300x199.jpg	0	
miss	2015/02/Temple-alt.jpg	0	
miss	2015/02/Temple-alt-300x234.jpg	0	
miss	2015/02/Victoria-Peak-at-Night-alt.jpg	0	
miss	2015/02/Victoria-Peak-at-Night-alt-300x199.jpg	0	
miss	2015/03/1926-Christmas-Pen.jpg	0	
miss	2015/03/1926-Christmas-Pen-300x248.jpg	0	
miss	2015/03/Parker-Vacumatic-Blue-Diamond-Paint.jpg	0	
miss	2015/03/Parker-Vacumatic-Blue-Diamond-Paint-300x225.jpg	0	
miss	2015/04/Candy-Spotting.jpg	0	
miss	2015/04/Candy-Spotting-222x300.jpg	0	
miss	2015/04/Cursive-Logic.jpg	0	
miss	2015/04/Cursive-Logic-300x81.jpg	0	
miss	2015/05/1053-Eversharp-Skyline.jpg	0	
miss	2015/05/1053-Eversharp-Skyline-300x179.jpg	0	
miss	2015/05/Walt-Disney-Shills-Eversharp.jpg	0	
miss	2015/05/Walt-Disney-Shills-Eversharp-233x300.jpg	0	
miss	2015/06/Dip-Nibs.jpg	0	
miss	2015/06/Dip-Nibs-225x300.jpg	0	
miss	2015/06/First-Graduating-Class-of-Sheaffer-Snorkels.jpg	0	
miss	2015/06/First-Graduating-Class-of-Sheaffer-Snorkels-300x199.jpg	0	
miss	2015/06/My-First-Snorkel.jpg	0	
miss	2015/06/My-First-Snorkel-300x199.jpg	0	
miss	2015/06/Saudi-Mont-Blanc-Noblesse.jpg	0	
miss	2015/06/Saudi-Mont-Blanc-Noblesse-300x289.jpg	0	
miss	2015/06/Steamer-Trunk.jpg	0	
miss	2015/06/Steamer-Trunk-300x224.jpg	0	
miss	2015/06/Win-Me.jpg	0	
miss	2015/06/Win-Me-300x199.jpg	0	
miss	2015/07/039.jpg	0	
miss	2015/07/039-221x300.jpg	0	
miss	2015/07/New-Section-Nipple.jpg	0	
miss	2015/07/New-Section-Nipple-300x199.jpg	0	
miss	2015/08/Pen-Motherlode.jpg	0	
miss	2015/08/Pen-Motherlode-300x159.jpg	0	
miss	2015/10/0333-Cross-Century.jpg	0	
miss	2015/10/0333-Cross-Century-300x47.jpg	0	
miss	2015/10/USPS.jpg	0	
miss	2015/10/USPS-292x300.jpg	0	
miss	2015/11/Ohio-Pen-Show-Goodies.jpg	0	
ok	2015/11/Ohio-Pen-Show-Goodies-300x252.jpg	38830	https://web.archive.org/web/2017id_/https://thepenmarket.com/vintage-pens-blog/wp-content/uploads/2015/11/Ohio-Pen-Show-Goodies-300x252.jpg
miss	2015/11/Sheaffer-Snorkels.jpg	0	
miss	2015/11/Sheaffer-Snorkels-300x200.jpg	0	
miss	2015/12/1247-Yard-O-Led-Regent-Pencil.jpg	0	
miss	2015/12/1247-Yard-O-Led-Regent-Pencil-300x261.jpg	0	
miss	2015/12/2016-Ship-By-Dates.jpg	0	
miss	2015/12/2016-Ship-By-Dates-217x300.jpg	0	
miss	2015/12/Parker-Christmas-by-Norman-Rockwell.jpg	0	
miss	2015/12/Parker-Christmas-by-Norman-Rockwell-218x300.jpg	0	
miss	2015/12/YOL-Image.jpg	0	
miss	2015/12/YOL-Image-300x131.jpg	0	
miss	2016/03/1319-Visconti-Van-Gogh.jpg	0	
miss	2016/03/1319-Visconti-Van-Gogh-300x167.jpg	0	
ok	2016/04/2016-Pen-Show-Mug.jpg	99595	https://web.archive.org/web/2019id_/https://thepenmarket.com/vintage-pens-blog/wp-content/uploads/2016/04/2016-Pen-Show-Mug.jpg
miss	2016/04/2016-Pen-Show-Mug-300x249.jpg	0	
miss	2016/04/Atlanta-2016-Treasures.jpg	0	
miss	2016/04/Atlanta-2016-Treasures-300x173.jpg	0	
miss	2016/04/Lamy-2016.jpg	0	
miss	2016/04/Lamy-2016-300x199.jpg	0	
miss	2016/05/0119N.jpg	0	
miss	2016/05/0119N-300x189.jpg	0	
miss	2016/05/0585-Parker-Duofold.jpg	0	
miss	2016/05/0585-Parker-Duofold-300x134.jpg	0	
miss	2016/05/0800-National-The-Lincoln.jpg	0	
miss	2016/05/0800-National-The-Lincoln-300x155.jpg	0	
miss	2016/05/0829-Mont-Blanc-149.jpg	0	
miss	2016/05/0829-Mont-Blanc-149-300x159.jpg	0	
miss	2016/05/0830-Visconti-Opera.jpg	0	
miss	2016/05/0830-Visconti-Opera-300x199.jpg	0	
miss	2016/05/0940N.jpg	0	
miss	2016/05/0940N-300x199.jpg	0	
miss	2016/05/0979-Omas-Marconi.jpg	0	
miss	2016/05/0979-Omas-Marconi-300x219.jpg	0	
miss	2016/05/Lamy-Nib-and-Ink-Test.jpg	0	
miss	2016/05/Lamy-Nib-and-Ink-Test-251x300.jpg	0	
miss	2016/06/1262C.jpg	0	
miss	2016/06/1262C-226x300.jpg	0	
miss	2016/06/1265-Pelikan-400NN.jpg	0	
miss	2016/06/1265-Pelikan-400NN-300x148.jpg	0	
miss	2016/06/1324-Waterman-100-Year-Pen.jpg	0	
miss	2016/06/1324-Waterman-100-Year-Pen-300x180.jpg	0	
miss	2016/06/1421-Waterman-Phileas.jpg	0	
miss	2016/06/1421-Waterman-Phileas-300x153.jpg	0	
miss	2016/06/Glass-Topped-Case.jpg	0	
miss	2016/06/Glass-Topped-Case-300x213.jpg	0	
miss	2016/06/L15S-Lamy-Calligraphy-Nibs.jpg	0	
ok	2016/06/L15S-Lamy-Calligraphy-Nibs-300x199.jpg	11428	https://web.archive.org/web/2023id_/https://thepenmarket.com/vintage-pens-blog/wp-content/uploads/2016/06/L15S-Lamy-Calligraphy-Nibs-300x199.jpg
ok	2016/07/0144-Parker-21.jpg	81402	https://web.archive.org/web/2023id_/https://thepenmarket.com/vintage-pens-blog/wp-content/uploads/2016/07/0144-Parker-21.jpg
miss	2016/07/0144-Parker-21-300x140.jpg	0	
miss	2016/07/0385-Mont-Blanc-Solitaire.jpg	0	
miss	2016/07/0385-Mont-Blanc-Solitaire-300x147.jpg	0	
miss	2016/07/0442-Sheaffer-Admiral.jpg	0	
miss	2016/07/0442-Sheaffer-Admiral-300x143.jpg	0	
miss	2016/07/0831N.jpg	0	
miss	2016/07/0831N-300x199.jpg	0	
miss	2016/07/0968-Good-Service-Pen.jpg	0	
miss	2016/07/0968-Good-Service-Pen-300x156.jpg	0	
miss	2016/07/Original-Vac-Trumpet.jpg	0	
miss	2016/07/Original-Vac-Trumpet-225x300.jpg	0	
miss	2016/07/Parker-Vac-Desk-Set.jpg	0	
miss	2016/07/Parker-Vac-Desk-Set-300x225.jpg	0	
miss	2016/07/Parker-Vac-ad.jpg	0	
miss	2016/07/Parker-Vac-ad-201x300.jpg	0	
miss	2016/08/Little-Victories-Front-Cover.jpg	0	
miss	2016/08/Little-Victories-Front-Cover-200x300.jpg	0	
miss	2016/09/1444-Mont-Blanc-Sterling-146.jpg	0	
miss	2016/09/1444-Mont-Blanc-Sterling-146-300x158.jpg	0	
miss	2016/09/Ink-Fast-Test-Day-1.jpg	0	
miss	2016/09/Ink-Fast-Test-Day-1-271x300.jpg	0	
miss	2016/09/Ink-Fast-Test-Day-90.jpg	0	
miss	2016/09/Ink-Fast-Test-Day-90-247x300.jpg	0	
miss	2017/04/1810-Mont-Blanc-Writers-Series-Alexandre-Dumas-wrong-signature.jpg	0	
miss	2017/04/1810-Mont-Blanc-Writers-Series-Alexandre-Dumas-wrong-signature-300x209.jpg	0	
miss	2017/04/1810N.jpg	0	
miss	2017/04/1810N-300x199.jpg	0	
ok	2017/04/Alex-Dumas.jpg	629935	https://web.archive.org/web/2015id_/https://thepenmarket.com/vintage-pens-blog/wp-content/uploads/2017/04/Alex-Dumas.jpg
ok	2017/04/Alex-Dumas-208x300.jpg	13800	https://web.archive.org/web/2021id_/https://thepenmarket.com/vintage-pens-blog/wp-content/uploads/2017/04/Alex-Dumas-208x300.jpg
miss	2017/04/DSC_0001.jpg	0	
miss	2017/04/DSC_0001-300x267.jpg	0	
miss	2017/04/DSC_0002.jpg	0	
miss	2017/04/DSC_0002-153x300.jpg	0	
miss	2017/05/Diamine-Ink-Fast-Test.jpg	0	
miss	2017/05/Diamine-Ink-Fast-Test-300x154.jpg	0	
miss	2017/05/Pen-World-April-2017-1.jpg	0	
miss	2017/05/Pen-World-April-2017-1-232x300.jpg	0	
miss	2017/05/Pen-World-April-2017-2.jpg	0	
miss	2017/05/Pen-World-April-2017-2-232x300.jpg	0	
miss	2017/05/Pen-World-April-2017-3.jpg	0	
miss	2017/05/Pen-World-April-2017-3-232x300.jpg	0	
miss	2017/05/Pen-World-April-2017-Cover.jpg	0	
miss	2017/05/Pen-World-April-2017-Cover-232x300.jpg	0	
miss	2017/05/Pen-World-Dec-2016-1.jpg	0	
miss	2017/05/Pen-World-Dec-2016-1-232x300.jpg	0	
miss	2017/05/Pen-World-Dec-2016-2.jpg	0	
miss	2017/05/Pen-World-Dec-2016-2-232x300.jpg	0	
miss	2017/05/Pen-World-Dec-2016-3.jpg	0	
ok	2017/05/Pen-World-Dec-2016-3-232x300.jpg	22721	https://web.archive.org/web/2015id_/https://thepenmarket.com/vintage-pens-blog/wp-content/uploads/2017/05/Pen-World-Dec-2016-3-232x300.jpg
miss	2017/05/Pen-World-Dec-2016-Cover.jpg	0	
miss	2017/05/Pen-World-Dec-2016-Cover-232x300.jpg	0	
miss	2017/06/Battlefield-Relics-from-Murfreesboro.jpg	0	
miss	2017/06/Battlefield-Relics-from-Murfreesboro-300x199.jpg	0	
miss	2017/06/Win-this-Lamy-Lx.jpg	0	
miss	2017/06/Win-this-Lamy-Lx-241x300.jpg	0	
miss	2017/07/Lamy-Lottery.jpg	0	
miss	2017/07/Lamy-Lottery-300x199.jpg	0	
miss	2017/08/DSC_1576.jpg	0	
ok	2017/08/DSC_1576-300x199.jpg	16321	https://web.archive.org/web/2017id_/https://thepenmarket.com/vintage-pens-blog/wp-content/uploads/2017/08/DSC_1576-300x199.jpg
miss	2017/08/DSC_1578.jpg	0	
miss	2017/08/DSC_1578-300x199.jpg	0	
miss	2017/08/DSC_1580.jpg	0	
miss	2017/08/DSC_1580-300x199.jpg	0	
miss	2017/09/Cross-Verve-Ad.jpg	0	
miss	2017/09/Cross-Verve-Ad-300x250.jpg	0	
miss	2017/09/Dip-Pen.jpg	0	
miss	2017/09/Dip-Pen-300x50.jpg	0	
miss	2017/10/0628-Mandarin-Parker-Duofold.jpg	0	
miss	2017/10/0628-Mandarin-Parker-Duofold-300x139.jpg	0	
miss	2017/10/1997-Mont-Blanc-Mythical-Creatures-Rich-Dragon.jpg	0	
miss	2017/10/1997-Mont-Blanc-Mythical-Creatures-Rich-Dragon-300x191.jpg	0	
miss	2017/10/Mont-Blanc-Copy-Cat.jpg	0	
miss	2017/10/Mont-Blanc-Copy-Cat-300x95.jpg	0	
miss	2017/10/Noodlers-Ink-Fast-Test.jpg	0	
miss	2017/10/Noodlers-Ink-Fast-Test-286x300.jpg	0	
miss	2017/10/Water-Test-Noodlers-X-Feather.jpg	0	
ok	2017/10/Water-Test-Noodlers-X-Feather-300x136.jpg	7682	https://web.archive.org/web/2021id_/https://thepenmarket.com/vintage-pens-blog/wp-content/uploads/2017/10/Water-Test-Noodlers-X-Feather-300x136.jpg
ok	2017/11/Diet-Coke-Runner.jpg	195971	https://web.archive.org/web/2023id_/https://thepenmarket.com/vintage-pens-blog/wp-content/uploads/2017/11/Diet-Coke-Runner.jpg
miss	2017/11/Diet-Coke-Runner-220x300.jpg	0	
miss	2017/11/Spdwaysavior.jpg	0	
miss	2017/11/Spdwaysavior-300x169.jpg	0	
miss	2017/12/Holiday-Ship-Dates.jpg	0	
miss	2017/12/Holiday-Ship-Dates-210x300.jpg	0	
miss	2017/12/How-do-I-write-a-Christmas-card.jpg	0	
miss	2017/12/How-do-I-write-a-Christmas-card-300x238.jpg	0	
miss	2018/01/Vomitting-Pelican.jpg	0	
ok	2018/01/Vomitting-Pelican-235x300.jpg	22394	https://web.archive.org/web/2015id_/https://thepenmarket.com/vintage-pens-blog/wp-content/uploads/2018/01/Vomitting-Pelican-235x300.jpg
miss	2018/02/Ladys-Hats.jpg	0	
miss	2018/02/Ladys-Hats-234x300.jpg	0	
miss	2018/02/Schoble-Hats.jpg	0	
miss	2018/02/Schoble-Hats-178x300.jpg	0	
miss	2018/02/Snow-Day.jpg	0	
miss	2018/02/Snow-Day-200x300.jpg	0	
miss	2018/02/Stetson-1.jpg	0	
miss	2018/02/Stetson-1-300x178.jpg	0	
miss	2018/02/Stetson-2.jpg	0	
miss	2018/02/Stetson-2-300x244.jpg	0	
miss	2018/02/Victory-Felts.jpg	0	
miss	2018/02/Victory-Felts-300x189.jpg	0	
miss	2018/03/2018-Arkansas-Pen-Show.jpeg	0	
miss	2018/03/2018-Arkansas-Pen-Show-300x169.jpeg	0	
miss	2018/03/Bloody-Pond.jpeg	0	
miss	2018/03/Bloody-Pond-300x169.jpeg	0	
miss	2018/03/Defending-the-Hornets-Nest-copy.jpg	0	
miss	2018/03/Defending-the-Hornets-Nest-copy-300x169.jpg	0	
ok	2018/03/Firing-into-the-Hornets-Nest.jpeg	152953	https://web.archive.org/web/2015id_/https://thepenmarket.com/vintage-pens-blog/wp-content/uploads/2018/03/Firing-into-the-Hornets-Nest.jpeg
miss	2018/03/Firing-into-the-Hornets-Nest-300x169.jpeg	0	
miss	2018/03/Shiloh-Museum.jpg	0	
miss	2018/03/Shiloh-Museum-300x169.jpg	0	
miss	2018/03/Springtime-at-Pittsburgh-Landing.jpeg	0	
miss	2018/03/Springtime-at-Pittsburgh-Landing-300x169.jpeg	0	
miss	2018/03/Sun-Studio.jpg	0	
miss	2018/03/Sun-Studio-300x183.jpg	0	
miss	2018/04/2018-Atlanta-Pen-Show.jpg	0	
miss	2018/04/2018-Atlanta-Pen-Show-300x169.jpg	0	
miss	2018/04/Atlanta-2018.jpg	0	
miss	2018/04/Atlanta-2018-300x235.jpg	0	
miss	2018/04/Bullet-Holes-blog.jpeg	0	
miss	2018/04/Bullet-Holes-blog-300x207.jpeg	0	
miss	2018/04/Civil-War-Statue-Blog.jpeg	0	
miss	2018/04/Civil-War-Statue-Blog-300x210.jpeg	0	
miss	2018/04/Fake-Mont-Blanc-1.jpg	0	
miss	2018/04/Fake-Mont-Blanc-1-300x254.jpg	0	
miss	2018/04/Fake-Mont-Blanc-2.jpg	0	
miss	2018/04/Fake-Mont-Blanc-2-300x67.jpg	0	
ok	2018/04/MB-Authentic.jpg	309209	https://web.archive.org/web/2023id_/https://thepenmarket.com/vintage-pens-blog/wp-content/uploads/2018/04/MB-Authentic.jpg
miss	2018/04/MB-Authentic-300x200.jpg	0	
miss	2018/04/Mont-Blanc-Authentic-2.jpg	0	
miss	2018/04/Mont-Blanc-Authentic-2-300x247.jpg	0	
miss	2018/04/Spring-in-Georgia-blog.jpeg	0	
miss	2018/04/Spring-in-Georgia-blog-188x300.jpeg	0	
miss	2018/04/Union-Artillery-Blog.jpeg	0	
miss	2018/04/Union-Artillery-Blog-300x185.jpeg	0	
miss	2018/05/Chicago-Ink.jpg	0	
miss	2018/05/Chicago-Ink-300x234.jpg	0	
miss	2018/05/Musubi-Journal-Pelikan-620.jpg	0	
miss	2018/05/Musubi-Journal-Pelikan-620-200x300.jpg	0	
miss	2018/05/Oh-my-Omas.jpg	0	
miss	2018/05/Oh-my-Omas-300x218.jpg	0	
miss	2018/06/Frau-Tintes-Ink-Test-1.jpg	0	
miss	2018/06/Frau-Tintes-Ink-Test-1-300x85.jpg	0	
miss	2018/06/Frau-Tintes-Ink-Test-2.jpg	0	
miss	2018/06/Frau-Tintes-Ink-Test-2-300x163.jpg	0	
miss	2018/06/Sir-Arthur-Conan-Doyle.jpg	0	
miss	2018/06/Sir-Arthur-Conan-Doyle-300x38.jpg	0	
miss	2018/06/Swan-Nib.jpg	0	
miss	2018/06/Swan-Nib-300x116.jpg	0	
miss	2018/06/Swan-Tail.jpg	0	
miss	2018/06/Swan-Tail-234x300.jpg	0	
miss	2018/07/Ink-Test.jpg	0	
miss	2018/07/Ink-Test-300x116.jpg	0	
miss	2018/07/New-DC-Pens.jpg	0	
miss	2018/07/New-DC-Pens-300x199.jpg	0	
miss	2018/07/STL-Pen-Show-Card.jpg	0	
miss	2018/07/STL-Pen-Show-Card-300x199.jpg	0	
miss	2018/07/Secret-Underground-Workshop-Lair.jpg	0	
miss	2018/07/Secret-Underground-Workshop-Lair-300x199.jpg	0	
miss	2018/08/2018-DC-Pen-Show.jpg	0	
miss	2018/08/2018-DC-Pen-Show-300x169.jpg	0	
miss	2018/08/Chandelier.jpg	0	
miss	2018/08/Chandelier-300x236.jpg	0	
miss	2018/08/DC-Crowds.jpg	0	
miss	2018/08/DC-Crowds-300x169.jpg	0	
miss	2018/08/Eisenhowers-51-2.jpg	0	
miss	2018/08/Eisenhowers-51-2-300x170.jpg	0	
miss	2018/08/Eisenhowers-51.jpg	0	
miss	2018/08/Eisenhowers-51-286x300.jpg	0	
miss	2018/08/Howard-Hughes-Record-Breaker-Small.jpeg	0	
miss	2018/08/Howard-Hughes-Record-Breaker-Small-300x169.jpeg	0	
miss	2018/09/Colins-Delite-Alpha.jpg	0	
miss	2018/09/Colins-Delite-Alpha-300x225.jpg	0	
miss	2018/09/Dallas-Pen-Show.jpg	0	
miss	2018/09/Dallas-Pen-Show-208x300.jpg	0	
miss	2018/09/James-Bonds-Pen.jpg	0	
miss	2018/09/James-Bonds-Pen-300x169.jpg	0	
miss	2018/10/Ink-Test-1.jpg	0	
miss	2018/10/Ink-Test-1-266x300.jpg	0	
miss	2018/10/Ink-Test-2.jpg	0	
miss	2018/10/Ink-Test-2-242x300.jpg	0	
miss	2018/10/Ink-Test-3.jpg	0	
miss	2018/10/Ink-Test-3-231x300.jpg	0	
miss	2018/10/Ink-Test-4.jpg	0	
miss	2018/10/Ink-Test-4-300x236.jpg	0	
miss	2018/10/Nathaniel-Frank.jpg	0	
miss	2018/10/Nathaniel-Frank-300x217.jpg	0	
miss	2018/10/Ohio-Pen-Show-Repairs.jpg	0	
miss	2018/10/Ohio-Pen-Show-Repairs-300x197.jpg	0	
miss	2018/11/2905-LeBoeuf-8.jpg	0	
miss	2018/11/2905-LeBoeuf-8-300x153.jpg	0	
miss	2018/11/3060N.jpg	0	
miss	2018/11/3060N-300x182.jpg	0	
miss	2018/11/Dollar-Sign-JPEG.jpg	0	
miss	2018/11/Dollar-Sign-JPEG-150x150.jpg	0	
miss	2019/04/Arkansasweb.jpeg	0	
miss	2019/04/Arkansasweb-169x300.jpeg	0	
miss	2019/04/Ebenezer-Baptist.jpg	0	
miss	2019/04/Ebenezer-Baptist-178x300.jpg	0	
miss	2019/04/First-Junghans-Movement.jpg	0	
miss	2019/04/First-Junghans-Movement-150x150.jpg	0	
miss	2019/04/Walnut-Ink.jpg	0	
miss	2019/04/Walnut-Ink-150x150.jpg	0	
miss	2019/05/3125-Conklin-M31.jpg	0	
miss	2019/05/3125-Conklin-M31-300x226.jpg	0	
miss	2019/05/Ink-Test-5.jpg	0	
miss	2019/05/Ink-Test-5-232x300.jpg	0	
miss	2019/05/Susan-Thomas.jpg	0	
miss	2019/05/Susan-Thomas-199x300.jpg	0	
miss	2019/08/Angel-Fredricksburg-edit.jpeg	0	
miss	2019/08/Angel-Fredricksburg-edit-300x257.jpeg	0	
miss	2019/08/Congress.jpg	0	
miss	2019/08/Congress-300x180.jpg	0	
miss	2019/08/Dawns-Birthday.jpg	0	
miss	2019/08/Dawns-Birthday-225x300.jpg	0	
miss	2019/08/Early-Colt-Revolver.jpg	0	
miss	2019/08/Early-Colt-Revolver-300x169.jpg	0	
miss	2019/08/Gene-Krupa-Drum.jpg	0	
miss	2019/08/Gene-Krupa-Drum-260x300.jpg	0	
miss	2019/08/George-Washington-Sword.jpg	0	
miss	2019/08/George-Washington-Sword-300x128.jpg	0	
miss	2019/08/Maryes-Heights-Fredricksburg-edit.jpeg	0	
miss	2019/08/Maryes-Heights-Fredricksburg-edit-300x174.jpeg	0	
miss	2019/08/St.-Louis-Arch-shrunk.jpeg	0	
miss	2019/08/St.-Louis-Arch-shrunk-169x300.jpeg	0	
miss	2019/08/Ted-Williams.jpg	0	
miss	2019/08/Ted-Williams-181x300.jpg	0	
miss	2019/08/Tucker.jpg	0	
miss	2019/08/Tucker-300x169.jpg	0	
miss	2019/08/Washington-Monument-Edited.jpeg	0	
miss	2019/08/Washington-Monument-Edited-204x300.jpeg	0	
miss	2019/12/LamyNibChange.jpg	0	
miss	2019/12/LamyNibChange-300x173.jpg	0	
miss	2019/12/LamyNibChange2.jpg	0	
miss	2019/12/LamyNibChange2-292x300.jpg	0	
miss	2019/12/LamyNibChange3.jpg	0	
miss	2019/12/LamyNibChange3-300x206.jpg	0	
miss	2019/12/LamyNibChange4.jpg	0	
miss	2019/12/LamyNibChange4-300x220.jpg	0	
miss	2019/12/Wausau-2019.jpg	0	
miss	2019/12/Wausau-2019-185x300.jpg	0	
miss	2020/01/Better-Italy-Pen.jpg	0	
miss	2020/01/Better-Italy-Pen-300x201.jpg	0	
miss	2020/01/FakeMontblancbox.jpg	0	
miss	2020/01/FakeMontblancbox-300x229.jpg	0	
miss	2020/01/Godfathers.jpg	0	
miss	2020/01/Godfathers-257x300.jpg	0	
miss	2020/01/Italian-Armistice-Pen.jpg	0	
miss	2020/01/Italian-Armistice-Pen-300x195.jpg	0	
ok	2020/01/Marxes-Generals.jpg	89332	https://web.archive.org/web/2021id_/https://thepenmarket.com/vintage-pens-blog/wp-content/uploads/2020/01/Marxes-Generals.jpg
miss	2020/01/Marxes-Generals-287x300.jpg	0	
miss	2020/01/MontblancCopernicusFake.jpg	0	
miss	2020/01/MontblancCopernicusFake-300x66.jpg	0	
miss	2020/01/MontblancFakeJewel.jpg	0	
miss	2020/01/MontblancFakeJewel-194x300.jpg	0	
miss	2020/01/MontblancStarwalkerFake.jpg	0	
miss	2020/01/MontblancStarwalkerFake-300x51.jpg	0	
miss	2020/01/Parker-51-Beetle-Smith.jpg	0	
miss	2020/01/Parker-51-Beetle-Smith-300x194.jpg	0	
miss	2020/01/Pen-Plate.jpg	0	
miss	2020/01/Pen-Plate-300x224.jpg	0	
miss	2020/01/Walter-Bedell-Smith.jpg	0	
miss	2020/01/Walter-Bedell-Smith-227x300.jpg	0	
miss	2020/02/3861-Sheaffer-350-Balance.jpg	0	
miss	2020/02/3861-Sheaffer-350-Balance-300x150.jpg	0	
miss	2020/02/Baltimore-Pen-Show.jpg	0	
miss	2020/02/Baltimore-Pen-Show-300x169.jpg	0	
miss	2020/02/NibSearch.jpg	0	
miss	2020/02/NibSearch-159x300.jpg	0	
miss	2020/02/Resac-5.jpg	0	
miss	2020/02/Resac-5-300x280.jpg	0	
miss	2020/02/Resac2.jpg	0	
miss	2020/02/Resac2-200x300.jpg	0	
miss	2020/02/Resac3.jpg	0	
miss	2020/02/Resac3-295x300.jpg	0	
miss	2020/02/Resac4.jpg	0	
miss	2020/02/Resac4-300x262.jpg	0	
miss	2020/02/Resac6.jpg	0	
ok	2020/02/Resac6-300x200.jpg	9825	https://web.archive.org/web/2015id_/https://thepenmarket.com/vintage-pens-blog/wp-content/uploads/2020/02/Resac6-300x200.jpg
miss	2020/02/Resac7.jpg	0	
miss	2020/02/Resac7-300x107.jpg	0	
miss	2020/02/resac1.jpg	0	
miss	2020/02/resac1-300x142.jpg	0	
miss	2020/03/Arkansas.jpg	0	
miss	2020/03/Arkansas-208x300.jpg	0	
miss	2020/03/ArkansasPenShow.jpg	0	
miss	2020/03/ArkansasPenShow-300x157.jpg	0	
miss	2020/03/The-Decameron.jpg	0	
miss	2020/03/virus.jpg	0	
miss	2020/03/virus-300x169.jpg	0	
miss	2020/04/Before-the-Duel-small.jpg	0	
miss	2020/04/Before-the-Duel-small-207x300.jpg	0	
miss	2020/04/Daddy-Daughter-Dance-small.jpeg	0	
miss	2020/04/Daddy-Daughter-Dance-small-300x226.jpeg	0	
miss	2020/04/Out-to-Lunge-small.jpeg	0	
miss	2020/04/Out-to-Lunge-small-200x300.jpeg	0	
miss	2020/04/Salute-Example-small.jpeg	0	
miss	2020/04/Salute-Example-small-214x300.jpeg	0	
miss	2020/04/Sisters-of-the-Sword-small.jpeg	0	
miss	2020/04/Sisters-of-the-Sword-small-200x300.jpeg	0	
miss	2020/04/Tough-as-Nails-small.jpeg	0	
miss	2020/04/Tough-as-Nails-small-300x200.jpeg	0	
miss	2020/04/White-Breasted-Nuthatch-copy.jpg	0	
ok	2020/04/White-Breasted-Nuthatch-copy-300x235.jpg	19840	https://web.archive.org/web/2023id_/https://thepenmarket.com/vintage-pens-blog/wp-content/uploads/2020/04/White-Breasted-Nuthatch-copy-300x235.jpg
ok	2020/04/fencing-reunion.jpg	59741	https://web.archive.org/web/2023id_/https://thepenmarket.com/vintage-pens-blog/wp-content/uploads/2020/04/fencing-reunion.jpg
miss	2020/04/fencing-reunion-300x169.jpg	0	
miss	2020/04/montanafencing.jpg	0	
miss	2020/04/montanafencing-300x225.jpg	0	
miss	2020/05/4016-Conklin-Crescent-2NL.jpg	0	
miss	2020/05/4016-Conklin-Crescent-2NL-300x151.jpg	0	
miss	2020/05/Birch.jpg	0	
miss	2020/05/Birch-200x300.jpg	0	
miss	2020/05/Chippie-copy.jpg	0	
miss	2020/05/Chippie-copy-300x231.jpg	0	
ok	2020/05/Conklin-Before.jpg	243810	https://web.archive.org/web/2015id_/https://thepenmarket.com/vintage-pens-blog/wp-content/uploads/2020/05/Conklin-Before.jpg
miss	2020/05/Conklin-Before-300x112.jpg	0	
miss	2020/05/ConklinDisassembled.jpg	0	
miss	2020/05/ConklinDisassembled-300x200.jpg	0	
miss	2020/05/ConklinPolish.jpg	0	
miss	2020/05/ConklinPolish-300x231.jpg	0	
miss	2020/05/ConklinSac.jpg	0	
miss	2020/05/ConklinSac-300x157.jpg	0	
miss	2020/05/ConklininWater.jpg	0	
miss	2020/05/ConklininWater-200x300.jpg	0	
miss	2020/05/Redwingblackbird.jpg	0	
miss	2020/05/Redwingblackbird-300x202.jpg	0	
miss	2020/05/Rusting-Masks.jpg	0	
miss	2020/05/Rusting-Masks-226x300.jpg	0	
miss	2020/05/SaturdayintheParksmall.jpeg	0	
miss	2020/05/SaturdayintheParksmall-300x169.jpeg	0	
miss	2020/05/Sunset-Swamp-small.jpeg	0	
miss	2020/05/Sunset-Swamp-small-300x169.jpeg	0	
ok	2020/05/Wausau-Sunset-April-2020-small.jpeg	193445	https://web.archive.org/web/2017id_/https://thepenmarket.com/vintage-pens-blog/wp-content/uploads/2020/05/Wausau-Sunset-April-2020-small.jpeg
ok	2020/05/Wausau-Sunset-April-2020-small-300x169.jpeg	16099	https://web.archive.org/web/2023id_/https://thepenmarket.com/vintage-pens-blog/wp-content/uploads/2020/05/Wausau-Sunset-April-2020-small-300x169.jpeg
miss	2020/06/DarlingBudsofMaysmall.jpeg	0	
miss	2020/06/DarlingBudsofMaysmall-169x300.jpeg	0	
miss	2020/06/Planes.jpg	0	
miss	2020/06/Planes-300x208.jpg	0	
miss	2020/06/YellowFlower.jpeg	0	
miss	2020/06/YellowFlower-300x269.jpeg	0	
miss	2020/07/AmericanToad.jpg	0	
miss	2020/07/AmericanToad-300x254.jpg	0	
miss	2020/07/MarbleSalamander.jpg	0	
miss	2020/07/MarbleSalamander-283x300.jpg	0	
miss	2020/07/catinthesun.jpg	0	
miss	2020/07/catinthesun-300x217.jpg	0	
miss	2020/08/8DayCuckoo.jpeg	0	
miss	2020/08/8DayCuckoo-265x300.jpeg	0	
miss	2020/09/Dead-Fish.jpg	0	
miss	2020/09/Dead-Fish-300x225.jpg	0	
miss	2020/09/Farm-Before-the-Storm-small.jpeg	0	
miss	2020/09/Farm-Before-the-Storm-small-225x300.jpeg	0	
ok	2020/09/Fort-Griswold-Monument-small.jpeg	281808	https://web.archive.org/web/2017id_/https://thepenmarket.com/vintage-pens-blog/wp-content/uploads/2020/09/Fort-Griswold-Monument-small.jpeg
ok	2020/09/Fort-Griswold-Monument-small-225x300.jpeg	14676	https://web.archive.org/web/2024id_/https://thepenmarket.com/vintage-pens-blog/wp-content/uploads/2020/09/Fort-Griswold-Monument-small-225x300.jpeg
miss	2020/09/Gales-Ferry-small.jpeg	0	
miss	2020/09/Gales-Ferry-small-300x225.jpeg	0	
miss	2020/09/Toads-Eye-View-small.jpg	0	
miss	2020/09/Toads-Eye-View-small-300x225.jpg	0	
miss	2020/10/Ant-Shroom-small.jpeg	0	
miss	2020/10/Ant-Shroom-small-271x300.jpeg	0	
miss	2020/10/Autumn-Porn-small.jpeg	0	
miss	2020/10/Autumn-Porn-small-300x225.jpeg	0	
miss	2020/10/Autumn-in-Connecticut-Small.jpeg	0	
miss	2020/10/Autumn-in-Connecticut-Small-225x300.jpeg	0	
miss	2020/10/Great-Wall-Shot-Small.jpeg	0	
miss	2020/10/Great-Wall-Shot-Small-300x225.jpeg	0	
miss	2020/10/Orange-Leaves-small.jpeg	0	
miss	2020/10/Orange-Leaves-small-225x300.jpeg	0	
miss	2020/10/Pickerel-Frog2-small.jpg	0	
miss	2020/10/Pickerel-Frog2-small-300x225.jpg	0	
miss	2020/10/Toad-in-the-Wild-small.jpeg	0	
miss	2020/10/Toad-in-the-Wild-small-300x225.jpeg	0	
ok	2020/10/Tunnel-of-Leaves-Small.jpeg	289766	https://web.archive.org/web/2021id_/https://thepenmarket.com/vintage-pens-blog/wp-content/uploads/2020/10/Tunnel-of-Leaves-Small.jpeg
miss	2020/10/Tunnel-of-Leaves-Small-300x225.jpeg	0	
miss	2020/11/1937.jpg	0	
miss	2020/11/1937-300x259.jpg	0	
miss	2020/11/Frank-and-Geo.png	0	
miss	2020/11/Frank-and-Geo-221x300.png	0	
miss	2020/11/Frank1959.jpg	0	
miss	2020/11/Frank1959-300x246.jpg	0	
miss	2020/11/Frank51plane.jpg	0	
miss	2020/11/Frank51plane-300x241.jpg	0	
ok	2020/11/Gold-Star-Memorial-Bridge-small.jpeg	442680	https://web.archive.org/web/2019id_/https://thepenmarket.com/vintage-pens-blog/wp-content/uploads/2020/11/Gold-Star-Memorial-Bridge-small.jpeg
miss	2020/11/Gold-Star-Memorial-Bridge-small-300x200.jpeg	0	
miss	2020/11/Headhunters.png	0	
miss	2020/11/Headhunters-300x205.png	0	
miss	2020/11/Hoover-PortauPrince1939.jpg	0	
miss	2020/11/Hoover-PortauPrince1939-300x157.jpg	0	
miss	2020/11/Lamy-Crystal-Ink-Test.jpg	0	
miss	2020/11/Lamy-Crystal-Ink-Test-300x117.jpg	0	
miss	2020/11/PanAm-1931.png	0	
miss	2020/11/PanAm-1931-267x300.png	0	
miss	2020/11/S38-Float-Plane.png	0	
miss	2020/11/S38-Float-Plane-300x127.png	0	
ok	2020/11/Tufted-Titmouse.jpg	843819	https://web.archive.org/web/2021id_/https://thepenmarket.com/vintage-pens-blog/wp-content/uploads/2020/11/Tufted-Titmouse.jpg
miss	2020/11/Tufted-Titmouse-300x235.jpg	0	
miss	2020/12/postal2020.jpg	0	
miss	2020/12/postal2020-300x250.jpg	0	
miss	2021/01/Firstsnowinconn.jpeg	0	
miss	2021/01/Firstsnowinconn-300x215.jpeg	0	
miss	2021/01/ThamesRiverSunsetSmall.jpeg	0	
miss	2021/01/ThamesRiverSunsetSmall-300x225.jpeg	0	
miss	2021/02/PWMMatthay2.jpg	0	
miss	2021/02/PWMMatthay2-236x300.jpg	0	
miss	2021/02/PWMMatthay3.jpg	0	
miss	2021/02/PWMMatthay3-236x300.jpg	0	
miss	2021/02/PWMMatthayStory.jpg	0	
miss	2021/02/PWMMatthayStory-236x300.jpg	0	
miss	2021/02/Pen-World-2021-Cover-jpeg.jpg	0	
miss	2021/02/Pen-World-2021-Cover-jpeg-236x300.jpg	0	
miss	2021/02/Sunset-au-Groton-Connecticut-small.jpeg	0	
ok	2021/02/Sunset-au-Groton-Connecticut-small-300x257.jpeg	11880	https://web.archive.org/web/2019id_/https://thepenmarket.com/vintage-pens-blog/wp-content/uploads/2021/02/Sunset-au-Groton-Connecticut-small-300x257.jpeg
miss	2021/03/8-Bic-Cristal-Pens.jpg	0	
miss	2021/03/8-Bic-Cristal-Pens-300x225.jpg	0	
miss	2021/03/Bic-Cristal-Ink-Test.jpg	0	
miss	2021/03/Bic-Cristal-Ink-Test-300x173.jpg	0	
miss	2021/03/King-of-the-Penguins.jpg	0	
miss	2021/03/King-of-the-Penguins-300x225.jpg	0	
miss	2021/03/Nandi-I.jpg	0	
miss	2021/03/Nandi-I-181x300.jpg	0	
miss	2021/03/Seals-Penguins.jpg	0	
miss	2021/03/Seals-Penguins-300x144.jpg	0	
miss	2021/03/Sunrise1Small.jpeg	0	
miss	2021/03/Sunrise1Small-300x224.jpeg	0	
miss	2021/04/1994Catalogs.jpg	0	
miss	2021/04/1994Catalogs-300x210.jpg	0	
miss	2021/04/BexleyGiantAds.jpg	0	
miss	2021/04/BexleyGiantAds-300x202.jpg	0	
miss	2021/04/FPHvintage.jpg	0	
miss	2021/04/FPHvintage-220x300.jpg	0	
miss	2021/04/Hungry-Chickadee-small.jpeg	0	
miss	2021/04/Hungry-Chickadee-small-293x300.jpeg	0	
miss	2021/04/PenFinderInside.jpg	0	
miss	2021/04/PenFinderInside-216x300.jpg	0	
miss	2021/04/PenFinderOutside.jpg	0	
miss	2021/04/PenFinderOutside-228x300.jpg	0	
miss	2021/05/Fake-Montblanc-Vin-no.jpg	0	
miss	2021/05/Fake-Montblanc-Vin-no-300x202.jpg	0	
miss	2021/05/MB-Fake-No.jpg	0	
miss	2021/05/MB-Fake-No-282x300.jpg	0	
miss	2021/05/New-London-Lighthouse-Small.jpeg	0	
miss	2021/05/New-London-Lighthouse-Small-250x300.jpeg	0	
miss	2021/06/PelikanInkFast1.jpg	0	
miss	2021/06/PelikanInkFast1-300x179.jpg	0	
miss	2021/06/PelikanInkfast2.jpg	0	
miss	2021/06/PelikanInkfast2-300x135.jpg	0	
miss	2021/06/Spring-Peeper2-small.jpeg	0	
miss	2021/06/Spring-Peeper2-small-300x225.jpeg	0	
miss	2021/08/God-of-Carnage.jpg	0	
miss	2021/08/God-of-Carnage-225x300.jpg	0	
miss	2021/08/Peanut.jpg	0	
miss	2021/08/Peanut-300x225.jpg	0	
ok	2021/09/PelikanInkFast1.jpg	333952	https://web.archive.org/web/2021id_/https://thepenmarket.com/vintage-pens-blog/wp-content/uploads/2021/09/PelikanInkFast1.jpg
miss	2021/09/PelikanInkFast1-300x179.jpg	0	
miss	2021/10/Asylum2small.jpeg	0	
miss	2021/10/Asylum2small-300x192.jpeg	0	
miss	2021/10/Diamine-Ink-Fast-1.jpg	0	
miss	2021/10/Diamine-Ink-Fast-1-300x174.jpg	0	
miss	2021/10/Diamine-Ink-Fast-2.jpg	0	
miss	2021/10/Diamine-Ink-Fast-2-300x172.jpg	0	
miss	2021/10/Mailbox.jpg	0	
miss	2021/10/Mailbox-232x300.jpg	0	
miss	2021/11/Levenger-Ink1.jpg	0	
miss	2021/11/Levenger-Ink1-300x191.jpg	0	
miss	2021/11/Levenger-Ink2.jpg	0	
miss	2021/11/Levenger-Ink2-300x190.jpg	0	
miss	2021/11/PW1021Cover.jpg	0	
miss	2021/11/PW1021Cover-236x300.jpg	0	
miss	2021/11/PenWorld1021.jpg	0	
miss	2021/11/PenWorld1021-236x300.jpg	0	
miss	2021/11/PenWorld1021pg2.jpg	0	
miss	2021/11/PenWorld1021pg2-236x300.jpg	0	
miss	2021/11/PenWorld1021pg3.jpg	0	
miss	2021/11/PenWorld1021pg3-236x300.jpg	0	
miss	2022/01/Mohegan-Campgrounds-small.jpeg	0	
miss	2022/01/Mohegan-Campgrounds-small-300x225.jpeg	0	
miss	2022/01/Montblanc-Ink-Review.jpg	0	
miss	2022/01/Montblanc-Ink-Review-300x106.jpg	0	
miss	2022/01/Rhode-Island-Moonrise-small.jpeg	0	
miss	2022/01/Rhode-Island-Moonrise-small-225x300.jpeg	0	
miss	2022/01/Uncas-Sunset-small.jpeg	0	
miss	2022/01/Uncas-Sunset-small-225x300.jpeg	0	
miss	2022/02/PWFeb22Storyjpeg.jpg	0	
miss	2022/02/PWFeb22Storyjpeg-236x300.jpg	0	
miss	2022/02/PWFeb22storyp3.jpg	0	
miss	2022/02/PWFeb22storyp3-236x300.jpg	0	
miss	2022/02/PWFeb22storyp4.jpg	0	
miss	2022/02/PWFeb22storyp4-236x300.jpg	0	
miss	2022/02/PWFeb2storyp2.jpg	0	
miss	2022/02/PWFeb2storyp2-236x300.jpg	0	
miss	2022/02/PenWorldFeb2022Cover.jpg	0	
miss	2022/02/PenWorldFeb2022Cover-236x300.jpg	0	
miss	2022/03/Viscontiinktest.jpg	0	
miss	2022/03/Viscontiinktest-300x170.jpg	0	
miss	2022/04/Crocuses.jpg	0	
miss	2022/04/Crocuses-249x300.jpg	0	
miss	2022/04/NorwichTimes.jpg	0	
miss	2022/04/PW35.3_CerfDefVintage2.2.jpg	0	
ok	2022/04/PW35.3_CerfDefVintage2.3.jpg	186497	https://web.archive.org/web/2015id_/https://thepenmarket.com/vintage-pens-blog/wp-content/uploads/2022/04/PW35.3_CerfDefVintage2.3.jpg
miss	2022/04/PW35.3_CerfDefVintage2.jpg	0	
miss	2022/04/engine.jpg	0	
miss	2022/04/engine-300x225.jpg	0	
miss	2022/04/feeltheseam.jpg	0	
miss	2022/04/feeltheseam-225x300.jpg	0	
miss	2022/04/innerdoor.jpg	0	
miss	2022/04/innerdoor-225x300.jpg	0	
miss	2022/04/tire.jpg	0	
miss	2022/04/tire-201x300.jpg	0	
miss	2022/04/vin.jpg	0	
miss	2022/04/vin-225x300.jpg	0	
miss	2022/05/Andersonville.jpg	0	
miss	2022/05/Andersonville-225x300.jpg	0	
miss	2022/05/JHerbinInkFastTest.jpg	0	
miss	2022/05/JHerbinInkFastTest-300x133.jpg	0	
miss	2022/05/NorwichCivilWarMemorial.jpg	0	
miss	2022/05/NorwichCivilWarMemorial-225x300.jpg	0	
miss	2022/06/IroTest1.jpg	0	
miss	2022/06/IroTest1-300x190.jpg	0	
miss	2022/06/IroTest2.jpg	0	
miss	2022/06/IroTest2-300x188.jpg	0	
miss	2022/06/IroTest3.jpg	0	
miss	2022/06/IroTest3-300x185.jpg	0	
miss	2022/06/IroTest4ß.jpg	0	
miss	2022/06/IroTest4ß-300x192.jpg	0	
miss	2022/08/INKct1.png	0	
miss	2022/08/INKct1-250x300.png	0	
miss	2022/08/INKct2.png	0	
miss	2022/08/INKct2-247x300.png	0	
miss	2022/08/INKct3.png	0	
miss	2022/08/INKct3-248x300.png	0	
miss	2022/08/INKct4.png	0	
miss	2022/08/INKct4-249x300.png	0	
miss	2022/08/INKct5.png	0	
miss	2022/08/INKct5-248x300.png	0	
miss	2022/08/INKct6.png	0	
miss	2022/08/INKct6-249x300.png	0	
miss	2022/08/Refill-Delight.jpg	0	
miss	2022/08/Refill-Delight-112x300.jpg	0	
miss	2022/08/Waterman-Past-Present.jpg	0	
miss	2022/08/Waterman-Past-Present-216x300.jpg	0	
ok	2022/09/Carandacheink.jpg	586608	https://web.archive.org/web/2023id_/https://thepenmarket.com/vintage-pens-blog/wp-content/uploads/2022/09/Carandacheink.jpg
miss	2022/09/Carandacheink-300x190.jpg	0	
miss	2022/10/4906-Parker-Duofold.jpg	0	
miss	2022/10/4906-Parker-Duofold-300x146.jpg	0	
miss	2022/10/5234-Parker-Duofold.jpg	0	
miss	2022/10/5234-Parker-Duofold-300x143.jpg	0	
miss	2022/10/5259-Twisbi-Eco.jpg	0	
miss	2022/10/5259-Twisbi-Eco-300x136.jpg	0	
miss	2022/10/5271N.jpg	0	
miss	2022/10/5271N-300x204.jpg	0	
miss	2022/10/My51.jpg	0	
miss	2022/10/My51-300x150.jpg	0	
miss	2022/12/FakeMB1.jpg	0	
miss	2022/12/FakeMB1-300x143.jpg	0	
miss	2022/12/FakeMB3.jpg	0	
miss	2022/12/FakeMB3-300x134.jpg	0	
miss	2022/12/MBFake2.jpg	0	
miss	2022/12/MBFake2-300x142.jpg	0	
miss	2022/12/PW36.1_Cover.jpg	0	
miss	2022/12/PW36.1_Cover-236x300.jpg	0	
miss	2022/12/WmPenn1.jpg	0	
miss	2022/12/WmPenn1-250x300.jpg	0	
miss	2022/12/WmPenn2.jpg	0	
miss	2022/12/WmPenn2-243x300.jpg	0	
miss	2022/12/WmPenn3.jpg	0	
miss	2022/12/WmPenn3-247x300.jpg	0	
miss	2022/12/WmPenn4.jpg	0	
miss	2022/12/WmPenn4-239x300.jpg	0	
miss	2023/01/DeAtriamentis-Ink-Test.jpg	0	
miss	2023/01/DeAtriamentis-Ink-Test-300x244.jpg	0	
miss	2023/02/100YearsSheaffer.jpg	0	
miss	2023/02/100YearsSheaffer-300x296.jpg	0	
miss	2023/02/PFMGuide.jpg	0	
miss	2023/02/PFMGuide-300x228.jpg	0	
miss	2023/05/DrawingwithPens.png	0	
miss	2023/05/DrawingwithPens-300x177.png	0	
miss	2023/05/Fauxeme.jpg	0	
miss	2023/05/Fauxeme-300x141.jpg	0	
miss	2023/05/FauxemeJewel.jpg	0	
miss	2023/05/FauxemeJewel-300x199.jpg	0	
miss	2023/05/FauxemeNib.jpg	0	
miss	2023/05/FauxemeNib-300x199.jpg	0	
miss	2023/05/FauxemeTip.jpg	0	
miss	2023/05/FauxemeTip-300x200.jpg	0	
miss	2023/05/MBFakeNib.jpg	0	
miss	2023/05/MBFakeNib-300x199.jpg	0	
miss	2023/05/MBFakeSerial.jpg	0	
miss	2023/05/MBFakeSerial-300x211.jpg	0	
miss	2023/05/MontblancFauxeme.jpg	0	
miss	2023/05/MontblancFauxeme-300x125.jpg	0	
miss	2023/05/Nib3.jpg	0	
miss	2023/05/Nib3-300x181.jpg	0	
miss	2023/05/Nib4.jpg	0	
miss	2023/05/Nib4-300x228.jpg	0	
miss	2023/05/NibNumbers.jpg	0	
miss	2023/05/NibNumbers-300x200.jpg	0	
miss	2023/05/Nibs2.jpg	0	
miss	2023/05/Nibs2-300x200.jpg	0	
miss	2023/06/5603-Conklin-Nozac-Word-Gauge.jpg	0	
miss	2023/06/5603-Conklin-Nozac-Word-Gauge-300x200.jpg	0	
miss	2023/06/5612-Conklin-Mark-Twain.jpg	0	
miss	2023/06/5612-Conklin-Mark-Twain-300x200.jpg	0	
miss	2023/06/MixedInks.jpg	0	
miss	2023/06/MixedInks-300x253.jpg	0	
miss	2023/06/RobertRosenberg.jpeg	0	
miss	2023/06/RobertRosenberg-246x300.jpeg	0	
miss	2023/07/5252-Montblanc-JFK.jpg	0	
miss	2023/07/5252-Montblanc-JFK-300x200.jpg	0	
miss	2023/07/AAFakeJFK1.jpg	0	
miss	2023/07/AAFakeJFK1-300x200.jpg	0	
miss	2023/07/AAFakeJFK2.jpg	0	
miss	2023/07/AAFakeJFK2-300x215.jpg	0	
miss	2023/07/AAFakeJFK4.jpg	0	
miss	2023/07/AAFakeJFK4-300x171.jpg	0	
miss	2023/07/AAFakeJFK5.jpg	0	
miss	2023/07/AAFakeJFK5-300x232.jpg	0	
miss	2023/07/AAFakeJFK6.jpg	0	
miss	2023/07/AAFakeJFK6-300x164.jpg	0	
miss	2023/07/New-Drop-Menus.jpg	0	
miss	2023/07/New-Drop-Menus-300x170.jpg	0	
miss	2023/07/New-Home-Page-7.20.23.png	0	
miss	2023/07/New-Home-Page-7.20.23-300x216.png	0	
miss	2023/07/PelikanLevel5.jpg	0	
miss	2023/07/PelikanLevel5-253x300.jpg	0	
miss	2023/07/PelikanLevel5Egg.jpg	0	
miss	2023/07/PelikanLevel5Egg-300x200.jpg	0	
miss	2023/07/PelikanLevel5N.jpg	0	
miss	2023/07/PelikanLevel5N-300x200.jpg	0	
miss	2023/08/5500-Montblanc-Spider.jpg	0	
miss	2023/08/5500-Montblanc-Spider-300x162.jpg	0	
miss	2023/08/5500N.jpg	0	
ok	2023/08/5500N-300x188.jpg	9415	https://web.archive.org/web/2021id_/https://thepenmarket.com/vintage-pens-blog/wp-content/uploads/2023/08/5500N-300x188.jpg
miss	2023/08/FakeMBSpider.jpg	0	
miss	2023/08/FakeMBSpider-300x120.jpg	0	
miss	2023/08/FakeMBSpiderClose.jpg	0	
miss	2023/08/FakeMBSpiderClose-289x300.jpg	0	
miss	2023/09/54thMassachusetts.jpg	0	
miss	2023/09/54thMassachusetts-146x300.jpg	0	
miss	2023/09/Antietamink.jpg	0	
miss	2023/09/Antietamink-140x300.jpg	0	
miss	2023/09/Noodlers.jpg	0	
miss	2023/09/Noodlers-300x195.jpg	0	
miss	2023/10/TheEaglesmall.jpg	0	
miss	2023/10/TheEaglesmall-300x231.jpg	0	
miss	2023/10/Uncas-Falls-small.jpeg	0	
miss	2023/10/Uncas-Falls-small-300x225.jpeg	0	
miss	2023/10/YanticFallsWinterSmall.jpg	0	
miss	2023/10/YanticFallsWinterSmall-300x225.jpg	0	
miss	2023/12/Nothing-but-FlowersSmall.jpeg	0	
miss	2023/12/Nothing-but-FlowersSmall-300x225.jpeg	0	
miss	2024/02/Businessthanks.jpg	0	
miss	2024/02/Businessthanks-300x297.jpg	0	
miss	2024/04/6012-Sheaffer-TouchDown.jpg	0	
miss	2024/04/6012-Sheaffer-TouchDown-300x165.jpg	0	
miss	2024/04/Oring.jpg	0	
miss	2024/04/Oring-260x300.jpg	0	
miss	2024/04/TDDisassembled.jpg	0	
miss	2024/04/TDDisassembled-300x113.jpg	0	
miss	2024/04/TDNipple.jpg	0	
miss	2024/04/TDNipple-300x269.jpg	0	
ok	2024/04/TDStart.jpeg	693068	https://web.archive.org/web/2019id_/https://thepenmarket.com/vintage-pens-blog/wp-content/uploads/2024/04/TDStart.jpeg
miss	2024/04/TDStart-300x199.jpeg	0	
miss	2024/05/MarkTwainConklin-copy.jpg	0	
miss	2024/05/MarkTwainConklin-copy-225x300.jpg	0	
miss	2024/05/MarkTwainHousecopy.jpg	0	
miss	2024/05/MarkTwainHousecopy-300x290.jpg	0	
miss	2024/06/NoodlersInkFast.jpg	0	
miss	2024/06/NoodlersInkFast-300x203.jpg	0	
miss	2024/06/PWJune20241.jpg	0	
miss	2024/06/PWJune20241-236x300.jpg	0	
miss	2024/06/PWJune20242.jpg	0	
miss	2024/06/PWJune20242-236x300.jpg	0	
miss	2024/06/PWJune20243.jpg	0	
miss	2024/06/PWJune20243-236x300.jpg	0	
miss	2024/06/PWJune20244.jpg	0	
miss	2024/06/PWJune20244-236x300.jpg	0	
miss	2024/06/PenWorldQRcode.jpg	0	
ok	2024/06/PenWorldQRcode-300x300.jpg	18721	https://web.archive.org/web/2023id_/https://thepenmarket.com/vintage-pens-blog/wp-content/uploads/2024/06/PenWorldQRcode-300x300.jpg
ok	2024/09/FauxGreta.jpg	231383	https://web.archive.org/web/2024id_/https://thepenmarket.com/vintage-pens-blog/wp-content/uploads/2024/09/FauxGreta.jpg
ok	2024/09/FauxGreta-300x90.jpg	4265	https://web.archive.org/web/2024id_/https://thepenmarket.com/vintage-pens-blog/wp-content/uploads/2024/09/FauxGreta-300x90.jpg
miss	2024/09/FauxGreta2.jpg	0	
miss	2024/09/FauxGreta2-300x200.jpg	0	
miss	2024/10/3969-Parker-51.jpg	0	
miss	2024/10/3969-Parker-51-300x140.jpg	0	
miss	2024/10/6245-Parker-Vacumatic-Max.jpg	0	
miss	2024/10/6245-Parker-Vacumatic-Max-300x155.jpg	0	
miss	2024/10/6262-Parker-Duofold.jpg	0	
miss	2024/10/6262-Parker-Duofold-300x155.jpg	0	
miss	2024/10/Diaphragm.jpg	0	
miss	2024/10/Diaphragm-300x225.jpg	0	
miss	2024/10/Extracted-Filler.jpg	0	
miss	2024/10/Extracted-Filler-300x300.jpg	0	
miss	2024/10/ExtractorChoices.jpg	0	
miss	2024/10/ExtractorChoices-300x225.jpg	0	
miss	2024/10/FieldStripped.jpg	0	
miss	2024/10/FieldStripped-300x225.jpg	0	
miss	2024/10/Pellet.jpg	0	
miss	2024/10/Pellet-300x276.jpg	0	
miss	2024/10/Reentry.jpg	0	
miss	2024/10/Reentry-225x300.jpg	0	
miss	2024/10/Spring-Peeper1-small.jpeg	0	
miss	2024/10/Spring-Peeper1-small-225x300.jpeg	0	
miss	2024/10/UhhPushIt.jpg	0	
miss	2024/10/UhhPushIt-259x300.jpg	0	
miss	2024/11/HalfwayDuoVac.jpg	0	
miss	2024/11/HalfwayDuoVac-300x199.jpg	0	
miss	2024/11/HappyDuoVac.jpg	0	
ok	2024/11/HappyDuoVac-300x200.jpg	9965	https://web.archive.org/web/2023id_/https://thepenmarket.com/vintage-pens-blog/wp-content/uploads/2024/11/HappyDuoVac-300x200.jpg
ok	2024/11/SadDuovac2.jpg	650423	https://web.archive.org/web/2024id_/https://thepenmarket.com/vintage-pens-blog/wp-content/uploads/2024/11/SadDuovac2.jpg
miss	2024/11/SadDuovac2-300x190.jpg	0	
miss	2024/11/VacAfter.jpg	0	
miss	2024/11/VacAfter-271x300.jpg	0	
miss	2024/11/VacBefore.jpg	0	
miss	2024/11/VacBefore-300x291.jpg	0	
miss	2024/11/wetsand.jpg	0	
miss	2024/11/wetsand-300x225.jpg	0	
miss	2024/12/2024Shipping.jpg	0	
miss	2024/12/2024Shipping-300x218.jpg	0	
miss	2025/01/NoodlersTest3.jpg	0	
miss	2025/01/NoodlersTest3-300x189.jpg	0	
miss	2025/04/5349-Waterman-Patrician.jpg	0	
miss	2025/04/5349-Waterman-Patrician-300x300.jpg	0	
miss	2025/04/6072-Montegrappa-Extra-1930.jpg	0	
miss	2025/04/6072-Montegrappa-Extra-1930-300x300.jpg	0	
miss	2025/04/6460-Chronoscope-Syloscope.jpg	0	
miss	2025/04/6460-Chronoscope-Syloscope-300x300.jpg	0	
miss	2025/04/GregMB146.jpeg	0	
ok	2025/04/GregMB146-225x300.jpeg	8428	https://web.archive.org/web/2015id_/https://thepenmarket.com/wp-content/uploads/2025/04/GregMB146-225x300.jpeg
miss	2025/04/Gregpilot.jpeg	0	
miss	2025/04/Gregpilot-225x300.jpeg	0	
miss	2025/04/greggrannon_yahoo_com_IMG_0897-1-1.jpeg	0	
miss	2025/04/greggrannon_yahoo_com_IMG_0897-1-1-300x225.jpeg	0	
miss	2025/11/ACake.jpg	0	
miss	2025/11/ACake-225x300.jpg	0	
miss	2026/07/tudorrose.jpg	0	
miss	2026/07/tudorrose-225x300.jpg	0	
miss	bb-plugin/cache/4363-Conklin-Pencil-landscape-9d74dd1241eec024eabe439afd050f47-.jpg	0	
miss	bb-plugin/cache/5072-Sheaffer-GN-landscape-ca94a26f24bb16275bf02b0db09f938b-.jpg	0	
miss	bb-plugin/cache/5168-Sheaffer-Autograph-landscape-d3ad6c5372919da1848d66b1578ce764-.jpg	0	
